{
	"IcoMoonType": "selection",
	"icons": [
		{
			"icon": {
				"paths": [
					"M945.75 368.042l-448-298.666c-10.748-7.166-24.752-7.166-35.5 0l-448 298.666c-8.902 5.934-14.25 15.926-14.25 26.624v298.666c0 10.7 5.348 20.692 14.25 26.624l448 298.666c5.374 3.584 11.562 5.376 17.75 5.376s12.376-1.792 17.75-5.376l448-298.666c8.902-5.934 14.25-15.926 14.25-26.624v-298.666c0-10.698-5.348-20.69-14.25-26.624zM480 654.876l-166.312-110.876 166.312-110.874 166.312 110.874-166.312 110.876zM512 377.542v-221.75l358.31 238.876-166.31 110.874-192-128zM448 377.542l-192 128-166.312-110.874 358.312-238.876v221.75zM198.312 544l-134.312 89.542v-179.082l134.312 89.54zM256 582.458l192 128v221.748l-358.312-238.872 166.312-110.876zM512 710.458l192-128 166.312 110.876-358.312 238.874v-221.75zM761.688 544l134.312-89.54v179.084l-134.312-89.544z"
				],
				"attrs": [],
				"tags": [
					"codepen",
					"brand"
				],
				"defaultCode": 61246,
				"grid": 16
			},
			"attrs": [],
			"properties": {
				"id": 1338,
				"order": 1,
				"prevSize": 32,
				"code": 60132,
				"ligatures": "codepen, brand81",
				"name": "codepen"
			},
			"setIdx": 0,
			"setId": 0,
			"iconIdx": 484
		}
	],
	"height": 1024,
	"metadata": {
		"name": "icomoon"
	},
	"preferences": {
		"showGlyphs": true,
		"showQuickUse": true,
		"showQuickUse2": true,
		"showSVGs": true,
		"fontPref": {
			"prefix": "icon-",
			"metadata": {
				"fontFamily": "icomoon"
			},
			"metrics": {
				"emSize": 1024,
				"baseline": 6.25,
				"whitespace": 50
			}
		},
		"imagePref": {
			"prefix": "icon-",
			"png": true,
			"useClassSelector": true,
			"color": 4473924,
			"bgColor": 16777215
		},
		"historySize": 100,
		"showCodes": false
	}
}